101006402	20110311	145309.8	49.173	7.991	1.4	ML	LED
101007158	20110929	175520.84	49.191	8.124	1.3	ML	KIT
101007159	20110929	174700.94	49.19	8.126	1.1	ML	KIT
101007190	20111009	120658.79	49.188	8.124	0.8	ML	KIT
101008137	20120506	141850.41	49.195	8.124	1.2	ML	KIT
101008475	20120822	180733.51	49.194	8.115	0.7	ML	LED
101008796	20121101	20427.11	49.158	8.149	0.9	ML	LED
101008810	20121108	25250.54	49.145	8.178	0.9	ML	LED
101008812	20121108	200720.72	49.149	8.148	1.4	ML	LED
101008813	20121108	201244.5	49.15	8.17	0.8	ML	LED
101008821	20121110	140943.51	49.148	8.146	1.4	ML	LED
101008824	20121112	112110.07	49.141	8.162	1.4	ML	LED
101008825	20121112	125302.48	49.141	8.157	1.5	ML	LED
101009158	20121119	32237.19	49.159	8.147	0.8	ML	LED
101009160	20121119	32435.13	49.162	8.156	0.5	ML	LED
101009233	20121123	30358.44	49.144	8.156	1.1	ML	LED
101009252	20121201	33413.74	49.159	8.137	0.8	ML	LED
101009255	20121204	44532.67	49.148	8.144	1.1	ML	LED
101009273	20121209	114146.36	49.149	8.15	0.9	ML	LED
101009341	20121214	31509.8	49.156	8.167	0.9	ML	LED
101009359	20121218	202839.08	49.157	8.148	0.8	ML	LED
101009360	20121219	103126.92	49.183	8.117	0.9	ML	LED
101009418	20130113	93101.9	49.16	8.19	0.7	ML	LED
101009421	20130116	84412.58	49.139	8.184	1.1	ML	LED
101009425	20090807	50003.39	49.197	8.124	0.4	ML	KIT
101009427	20090815	121210.73	49.194	8.121	0.7	ML	KIT
101009429	20090815	121320	49.192	8.124	0.6	ML	KIT
101009432	20090914	174036.49	49.19	8.116	0.6	ML	KIT
101009439	20090915	182036.58	49.191	8.124	0.3	ML	KIT
101009443	20101212	11601.34	49.19	8.126	0.7	ML	KIT
101009444	20101212	12454.09	49.19	8.119	0.6	ML	KIT
101009445	20101212	41133.43	49.193	8.126	0.6	ML	KIT
101009448	20101213	160137.7	49.193	8.132	0.6	ML	KIT
101009465	20120114	173844.09	49.19	8.126	0.8	ML	KIT
101009466	20120114	173927.63	49.191	8.126	0.6	ML	KIT
101009467	20120325	164746.35	49.194	8.118	0.9	ML	KIT
101009561	20130214	102542.04	49.14	8.176	1.2	ML	LED
101009562	20130205	185722.61	49.157	8.183	1	ML	LED
101009596	20130223	50838.55	49.169	8.177	0.8	ML	LED
101009610	20130227	51134.04	49.162	8.174	1	ML	LED
101009725	20130329	55333	49.19	8.11	0.9	ML	LED
101009749	20130407	80008.57	49.168	8.161	0.8	ML	LED
101009813	20130428	91521.34	49.197	8.102	0.9	ML	LED
101009987	20130529	51639.08	49.161	8.162	1.1	ML	LED
101010008	20130605	193025.62	49.14	8.19	0.8	ML	LED
101010018	20130608	171716.4	49.16	8.15	0.8	ML	LED
101010020	20130609	94121.9	49.15	8.17	0.7	ML	LED
101010114	20130621	142753.41	49.194	8.106	1.2	ML	LED
101010115	20130621	145200.77	49.195	8.109	1.1	ML	LED
101010116	20130621	143024.53	49.194	8.104	0.8	ML	LED
101010274	20130805	141802.62	49.192	8.103	0.8	ML	LED
101010275	20130806	75408.57	49.153	8.169	1.1	ML	LED
101010298	20080822	140203.7	49.16	7.99	1.4	ML	LED
101010395	20130806	75713.15	49.193	8.104	0.8	ML	LED
101010549	20131002	14729.6	49.158	8.158	0.94	M	LER
101010669	20131029	185610.65	49.203	8.128	0.7	ML	LED
101010750	20131117	40517.8	49.147	8.159	1.19	M	LER
101010755	20131118	125415	49.147	8.159	1.47	M	LER
101010806	20131119	63128	49.188	8.121	0.54	M	LER
101010807	20131119	11116.1	49.147	8.157	0.62	M	LER
101010814	20131120	64517.35	49.15	8.159	1.3	ML	LED
101010815	20131119	165632.1	49.148	8.157	0.88	M	LER
101010856	20131203	23238.5	49.156	8.16	0.8	M	LER
101011000	20131119	110742.8	49.192	8.123	0.91	M	LER
101011418	20140428	191625.7	49.189	8.113	0.74	M	LER
101011430	20140503	225957.3	49.151	8.156	0.23	M	LER
101012702	20140602	140557.8	49.193	8.12	1.14	M	LER
101012974	20140609	171928.5	49.148	8.161	0.61	M	LER
101014436	20140816	162204.7	49.192	8.123	1.28	M	LER
101014578	20140824	15920.4	49.183	8.102	0.63	M	LER
101016454	20150117	200916	49.15	8.156	1.2	M	LER
101016481	20150123	230018.6	49.159	8.157	0.53	M	LER
101016754	20150306	132832.4	49.19	8.126	1	M	LER
101016760	20150307	23254.4	49.149	8.156	0.61	M	LER
101016766	20150307	31127.9	49.15	8.155	0.67	M	LER
101016767	20150307	32632.6	49.15	8.154	0.08	M	LER
101016768	20150307	34259.7	49.149	8.156	0.77	M	LER
101017090	20150328	44049.1	49.151	8.153	1.1	M	LER
101017091	20150328	21722.8	49.148	8.159	1.02	M	LER
101017171	20150502	225851.3	49.149	8.162	0.4	M	LER
101018740	20150821	235849.6	49.191	8.123	1.34	M	LER
101018748	20150829	13355.7	49.144	8.169	0.87	M	LER
101018755	20150902	191845.3	49.151	8.153	0.94	M	LER
101018756	20150902	193626.9	49.151	8.153	0.95	M	LER
101018759	20150905	93444.3	49.149	8.155	1.1	M	LER
101018760	20150905	111426.8	49.148	8.156	1.09	M	LER
101018761	20150907	182215.4	49.149	8.157	0.95	M	LER
101019071	20150911	51253.3	49.149	8.161	1.12	M	LER
101019073	20150911	232133.9	49.149	8.16	0.91	M	LER
101019074	20150912	33458.5	49.15	8.161	0.81	M	LER
101019078	20150916	130751.8	49.149	8.153	1.49	M	LER
101019080	20150917	220408.4	49.149	8.155	0.65	M	LER
101019082	20150926	221052.6	49.15	8.158	1.23	M	LER
101019084	20150929	155836.3	49.151	8.159	1.35	M	LER
101019318	20160106	220656.1	49.148	8.157	0.78	M	LER
101019322	20160109	191508.6	49.152	8.156	0.78	M	LER
101020312	20160212	25643.5	49.148	8.153	1.32	M	LER
101020317	20160212	125621.7	49.148	8.154	0.88	M	LER
101021713	20160413	30640.7	49.148	8.153	0.75	M	LER
101021716	20151003	92743.1	49.151	8.158	1.46	M	LER
101022491	20160522	61659.9	49.151	8.157	1.47	M	LER
101023108	20160529	171758	49.183	8.125	0.71	M	LER
101023603	20160708	53933.9	49.162	8.148	0.73	M	LER
101023626	20160817	195013.3	49.181	8.127	0.79	M	LER
101023635	20160821	145952.3	49.129	8.192	0.11	M	LER
101023824	20131005	1744.9	49.155	8.197	LER		
101023827	20131029	185610.3	49.191	8.12	LER		
101023829	20131002	13016.9	49.161	8.156	-0.65	M	LER
101023831	20131005	15502.8	49.159	8.157	0.69	M	LER
101023832	20131007	92258.3	49.151	8.157	-0.2	M	LER
101023833	20131007	102932	49.15	8.159	-0.27	M	LER
101023834	20131007	234449.3	49.193	8.129	-0.61	M	LER
101023835	20131010	25500.8	49.161	8.157	-0.5	M	LER
101023837	20131016	34912.9	49.149	8.16	-0.02	M	LER
101023839	20131019	95716.5	49.155	8.146	-0.33	M	LER
101023840	20131020	35713.7	49.147	8.16	-0.2	M	LER
101023841	20131025	30616.3	49.148	8.158	-0.54	M	LER
101023845	20131104	24915.9	49.189	8.118	-0.31	M	LER
101023846	20131104	24836.9	49.194	8.121	0.39	M	LER
101023847	20131104	30301.8	49.189	8.12	-0.58	M	LER
101023848	20131109	200050.4	49.153	8.155	LER		
101023849	20131110	64541.4	49.152	8.152	0.06	M	LER
101023850	20131110	71728.8	49.152	8.155	LER		
101023851	20131110	74056.3	49.151	8.152	-0.36	M	LER
101023854	20131110	132053.1	49.187	8.128	-0.22	M	LER
101023855	20131110	134257.7	49.15	8.151	LER		
101023856	20131110	202037.7	49.15	8.156	LER		
101023857	20131111	30625	49.152	8.153	LER		
101023858	20131111	33121	49.151	8.155	0.06	M	LER
101023859	20131111	64710.5	49.152	8.157	LER		
101023860	20131111	80621.2	49.151	8.156	LER		
101023861	20131111	101839.2	49.15	8.156	LER		
101023862	20131111	152937.5	49.152	8.156	LER		
101023863	20131111	175409.3	49.151	8.156	LER		
101023864	20131118	130445	49.146	8.159	-0.32	M	LER
101023865	20131118	205131.3	49.185	8.122	LER		
101023866	20131120	1658.6	49.147	8.16	-0.67	M	LER
101023867	20131120	122020.8	49.147	8.159	0.54	M	LER
101023868	20131121	160801	49.143	8.164	-0.15	M	LER
101023869	20131104	24831.3	49.193	8.122	-0.32	M	LER
101023870	20131104	30243.8	49.196	8.121	-0.24	M	LER
101023872	20131109	200027.4	49.152	8.156	0.44	M	LER
101023873	20131109	201724.8	49.151	8.162	-0.58	M	LER
101023874	20131109	231253.1	49.151	8.16	-0.62	M	LER
101023875	20131109	234758	49.15	8.159	-0.57	M	LER
101023876	20131110	14319.3	49.15	8.156	-0.09	M	LER
101023877	20131110	15214.1	49.15	8.157	-0.23	M	LER
101023878	20131110	60021.9	49.148	8.159	-0.48	M	LER
101023879	20131110	62303.5	49.15	8.149	-0.69	M	LER
101023880	20131110	63558.4	49.152	8.153	0.31	M	LER
101023881	20131110	64530.8	49.151	8.152	0.17	M	LER
101023884	20131110	70538.4	49.152	8.156	-0.37	M	LER
101023885	20131110	71714.3	49.152	8.155	0.23	M	LER
101023886	20131110	91413.8	49.15	8.158	-0.49	M	LER
101023887	20131110	94241.3	49.15	8.156	-0.47	M	LER
101023888	20131110	111340.8	49.155	8.161	-0.04	M	LER
101023889	20131110	153228.5	49.149	8.158	-0.38	M	LER
101023890	20131110	205727.5	49.151	8.155	-0.09	M	LER
101023891	20131111	4124.2	49.148	8.158	-0.37	M	LER
101023892	20131111	33108.9	49.151	8.153	0.07	M	LER
101023893	20131112	63525.1	49.15	8.156	0.12	M	LER
101023894	20131112	132127.8	49.15	8.159	0.59	M	LER
101023895	20131112	155939.7	49.149	8.159	0.93	M	LER
101023896	20131113	12127.6	49.151	8.155	0.01	M	LER
101023897	20131113	40029.3	49.15	8.156	0.24	M	LER
101023898	20131114	44605.1	49.157	8.159	0.22	M	LER
101023899	20131114	154221.9	49.157	8.16	0.21	M	LER
101023900	20131116	42059.3	49.151	8.154	0.01	M	LER
101023901	20131116	63808.6	49.15	8.156	-0.37	M	LER
101023903	20131117	43549.1	49.146	8.16	-0.99	M	LER
101023904	20131117	51345.1	49.146	8.16	-0.08	M	LER
101023905	20131117	52424.9	49.147	8.159	0.11	M	LER
101023907	20131118	225503.4	49.147	8.158	0.11	M	LER
101023910	20131119	102422.6	49.191	8.124	0.65	M	LER
101023912	20131119	113349.3	49.19	8.125	-0.09	M	LER
101023914	20131119	164616.3	49.187	8.122	0.79	M	LER
101023915	20131119	164532.8	49.186	8.123	0.59	M	LER
101023917	20131119	234620.5	49.191	8.125	0.25	M	LER
101023918	20131120	40052.1	49.19	8.122	0.05	M	LER
101023921	20131123	4718.5	49.149	8.158	-0.37	M	LER
101023922	20131123	51931.3	49.148	8.158	0.66	M	LER
101023923	20131124	131237.2	49.188	8.123	0.02	M	LER
101023924	20131124	230110.9	49.143	8.155	0.06	M	LER
101023925	20131125	161132.6	49.148	8.159	-0.18	M	LER
101023926	20131125	195428	49.152	8.157	-0.15	M	LER
101023927	20131126	203514.2	49.155	8.159	0.04	M	LER
101023928	20131127	34528.5	49.152	8.154	-0.19	M	LER
101023929	20131127	34822.7	49.152	8.154	0.21	M	LER
101023930	20131226	33313.4	49.19	8.13	LER		
101023931	20131226	33604.9	49.189	8.124	LER		
101023932	20131226	42507.2	49.186	8.126	LER		
101023933	20131227	225734.7	49.189	8.128	LER		
101023934	20131228	81431.7	49.189	8.127	LER		
101023935	20131229	3056.5	49.192	8.126	LER		
101023936	20131201	11500.9	49.146	8.16	-0.71	M	LER
101023939	20131208	222154.6	49.146	8.168	-0.54	M	LER
101023942	20131223	91329.5	49.147	8.158	-0.04	M	LER
101023943	20131223	174103	49.151	8.153	-0.19	M	LER
101023944	20131225	20353.1	49.148	8.162	-1.1	M	LER
101023945	20131226	33254.2	49.192	8.131	0.05	M	LER
101023946	20131229	3121.7	49.19	8.127	-0.24	M	LER
101023947	20131229	20810.3	49.192	8.128	-0.31	M	LER
101023949	20140103	45415.7	49.148	8.158	0.05	M	LER
101023950	20140109	221133.3	49.146	8.159	-0.46	M	LER
101023951	20140113	232032.4	49.148	8.158	-0.46	M	LER
101023955	20140224	211519.2	49.149	8.154	-0.13	M	LER
101023957	20140226	42643.1	49.192	8.12	-0.27	M	LER
101023958	20140307	221458.5	49.18	8.127	0.26	M	LER
101023959	20140304	72224.6	49.146	8.16	0.04	M	LER
101023960	20140307	221514.7	49.183	8.123	0.19	M	LER
101023962	20140401	22302	49.195	8.116	LER		
101023963	20140416	190729.5	49.179	8.126	LER		
101023966	20140417	51220.4	49.181	8.125	0.13	M	LER
101023968	20140503	34303.9	49.15	8.157	-0.66	M	LER
101023969	20140503	205049.2	49.15	8.159	-0.84	M	LER
101023970	20140504	60555.2	49.15	8.158	-0.57	M	LER
101023971	20140504	75241.3	49.15	8.156	-0.65	M	LER
101023972	20140504	85523.4	49.151	8.156	-0.29	M	LER
101023973	20140505	161357.8	49.194	8.122	0.16	M	LER
101023974	20140506	40731.5	49.184	8.097	-0.05	M	LER
101023975	20140514	231235.4	49.151	8.164	-0.47	M	LER
101023976	20140515	175731.5	49.152	8.155	-0.32	M	LER
101023977	20140515	194525.5	49.149	8.156	LER		
101023978	20140516	160900.4	49.15	8.157	-0.03	M	LER
101023979	20140516	160922.5	49.15	8.167	-0.02	M	LER
101023980	20140517	2148.7	49.192	8.124	-0.43	M	LER
101023981	20140517	5616.8	49.147	8.158	-0.63	M	LER
101023982	20140518	131128.8	49.151	8.153	-0.27	M	LER
101023983	20140521	63930	49.149	8.156	-0.14	M	LER
101023984	20140522	191724.9	49.152	8.152	LER		
101023985	20140523	72334	49.188	8.114	0.56	M	LER
101023986	20140527	82519.5	49.158	8.144	0.07	M	LER
101023987	20140528	50235.6	49.166	8.15	LER		
101023988	20140528	171224	49.143	8.16	0.26	M	LER
101023989	20140503	30626.1	49.148	8.156	-0.4	M	LER
101023990	20140503	114758.3	49.19	8.112	0.41	M	LER
101023991	20140503	180000.8	49.149	8.154	-0.07	M	LER
101023992	20140503	180210.5	49.151	8.153	-0.59	M	LER
101023993	20140503	220345.8	49.151	8.157	-0.63	M	LER
101023994	20140503	221105.7	49.151	8.157	-0.67	M	LER
101023995	20140503	224442	49.15	8.157	-0.03	M	LER
101023996	20140503	225350.9	49.151	8.156	0.13	M	LER
101023998	20140504	23754.6	49.15	8.157	-0.99	M	LER
101023999	20140504	24905	49.15	8.159	0.06	M	LER
101024000	20140504	51931.5	49.151	8.155	-1.02	M	LER
101024001	20140504	85146.6	49.151	8.157	0.33	M	LER
101024002	20140505	53736.5	49.193	8.12	0.6	M	LER
101024003	20140505	172403.7	49.194	8.122	0.68	M	LER
101024005	20140507	232316.4	49.151	8.157	0.14	M	LER
101024006	20140512	42534.9	49.15	8.153	0.08	M	LER
101024007	20140513	5029.4	49.148	8.161	-0.29	M	LER
101024008	20140513	221619.3	49.148	8.157	-0.21	M	LER
101024009	20140513	221724.6	49.149	8.157	-0.69	M	LER
101024010	20140515	231810.8	49.148	8.153	-0.36	M	LER
101024011	20140516	141136.6	49.151	8.155	0.46	M	LER
101024012	20140517	30659.7	49.149	8.16	-0.34	M	LER
101024013	20140517	231645.3	49.152	8.15	-0.37	M	LER
101024014	20140518	234332.3	49.149	8.156	-0.3	M	LER
101024015	20140519	143131.4	49.151	8.154	0.43	M	LER
101024016	20140520	2532.4	49.147	8.157	-0.04	M	LER
101024017	20140522	35908.1	49.149	8.159	-0.04	M	LER
101024018	20140524	220224.4	49.194	8.125	0.14	M	LER
101024019	20140525	142136.1	49.188	8.113	0.43	M	LER
101024020	20140526	130357.8	49.195	8.126	0.5	M	LER
101024021	20140526	203523.5	49.151	8.169	-0.3	M	LER
101024022	20140527	84923.9	49.152	8.162	-0.06	M	LER
101024024	20140528	14519.7	49.154	8.148	-0.35	M	LER
101024025	20140604	193509.3	49.153	8.16	LER		
101024026	20140608	40037.3	49.149	8.161	0.15	M	LER
101024027	20140608	55349.3	49.152	8.161	-0.55	M	LER
101024029	20140605	152740.2	49.148	8.16	0.49	M	LER
101024030	20140608	35136.8	49.15	8.159	0.12	M	LER
101024031	20140608	35305.3	49.149	8.16	-0.28	M	LER
101024032	20140608	35419.4	49.15	8.161	-0.69	M	LER
101024033	20140608	40042.9	49.149	8.162	0.17	M	LER
101024034	20140608	40750.3	49.149	8.161	-0.5	M	LER
101024035	20140608	51449.7	49.149	8.16	-0.25	M	LER
101024037	20140608	52033.5	49.147	8.161	-0.35	M	LER
101024038	20140608	52121.2	49.151	8.161	-0.47	M	LER
101024039	20140608	55143.5	49.149	8.161	-0.48	M	LER
101024040	20140608	55751.2	49.148	8.162	0.05	M	LER
101024041	20140608	60345.9	49.15	8.159	-0.13	M	LER
101024042	20140608	60450.6	49.149	8.161	0.13	M	LER
101024043	20140608	65819.8	49.149	8.161	-0.2	M	LER
101024045	20140611	141535	49.153	8.157	0.1	M	LER
101024047	20140619	71626.1	49.142	8.153	-0.28	M	LER
101024048	20140619	233543.4	49.153	8.136	-0.67	M	LER
101024049	20140622	4410.3	49.149	8.161	-0.32	M	LER
101024050	20140622	152741.3	49.152	8.144	0.01	M	LER
101024051	20140625	14945.9	49.151	8.158	-0.5	M	LER
101024053	20140629	225304.1	49.152	8.161	-0.88	M	LER
101024054	20140630	144304.7	49.153	8.164	0.21	M	LER
101024055	20140705	211052.2	49.152	8.163	-0.9	M	LER
101024056	20140705	233057.8	49.153	8.159	LER		
101024057	20140705	204831.1	49.153	8.161	-0.16	M	LER
101024058	20140706	25010.7	49.154	8.156	-0.79	M	LER
101024060	20140708	190704.3	49.19	8.126	0.42	M	LER
101024061	20140708	190829.4	49.189	8.128	-0.25	M	LER
101024063	20140709	212355.6	49.19	8.113	0.95	M	LER
101024065	20140715	15036.9	49.183	8.119	-0.56	M	LER
101024066	20140717	24702.2	49.189	8.114	0.15	M	LER
101024067	20140718	63650.3	49.145	8.161	0.45	M	LER
101024071	20140803	12831.9	49.147	8.161	-0.89	M	LER
101024074	20140822	20244.7	49.151	8.155	0.02	M	LER
101024076	20140930	195332.7	49.152	8.119	LER		
101024077	20140901	41353.1	49.148	8.157	-0.43	M	LER
101024079	20140917	212948.1	49.152	8.151	-0.47	M	LER
101024080	20140924	80220.2	49.15	8.155	0.24	M	LER
101024081	20140924	80512.1	49.151	8.154	0.4	M	LER
101024082	20140925	222226.7	49.152	8.16	-0.84	M	LER
101024084	20140928	51800.4	49.147	8.158	-0.68	M	LER
101024086	20141010	164150	49.148	8.157	0.21	M	LER
101024087	20141010	231831.3	49.147	8.158	-0.55	M	LER
101024088	20141011	64924.4	49.145	8.157	0.33	M	LER
101024089	20141011	75321.4	49.149	8.158	-0.21	M	LER
101024090	20141013	60147.3	49.153	8.141	0.13	M	LER
101024091	20141015	215431.9	49.151	8.156	-0.08	M	LER
101024092	20141017	74714.9	49.144	8.16	-0.14	M	LER
101024094	20141025	21302.6	49.151	8.157	-0.51	M	LER
101024095	20141126	11422.2	49.151	8.159	LER		
101024096	20141128	84826.5	49.15	8.157	0.05	M	LER
101024097	20141102	151546.7	49.155	8.141	-0.29	M	LER
101024098	20141109	215845.5	49.149	8.16	-0.89	M	LER
101024099	20141109	224146.2	49.193	8.109	0.18	M	LER
101024102	20141205	72917.5	49.15	8.162	-0.06	M	LER
101024105	20141226	63417.6	49.15	8.158	0.41	M	LER
101024106	20141226	63529.5	49.148	8.161	-0.59	M	LER
101024107	20141226	63944.4	49.149	8.16	-1.04	M	LER
101024108	20141230	34755.5	49.196	8.128	-0.65	M	LER
101024109	20141230	63301.6	49.19	8.129	0.5	M	LER
101024110	20150109	175435.6	49.149	8.16	-0.37	M	LER
101024111	20150117	145402.7	49.148	8.159	-0.31	M	LER
101024112	20150117	222630.1	49.15	8.16	-0.09	M	LER
101024113	20150119	25844.9	49.151	8.161	-0.62	M	LER
101024114	20150119	32517.4	49.149	8.158	-0.65	M	LER
101024115	20150119	181322.1	49.147	8.151	-0.36	M	LER
101024116	20150126	11751.2	49.192	8.128	LER		
101024117	20150126	11817.6	49.178	8.116	-0.54	M	LER
101024118	20150129	81742.1	49.162	8.144	LER		
101024119	20150101	170434.8	49.154	8.163	-0.75	M	LER
101024120	20150104	154328.7	49.154	8.167	-0.31	M	LER
101024121	20150111	22822.2	49.164	8.154	-0.69	M	LER
101024123	20150117	145205.3	49.152	8.163	-0.05	M	LER
101024124	20150117	195722.5	49.15	8.157	-0.24	M	LER
101024126	20150117	222626.8	49.146	8.155	-0.11	M	LER
101024127	20150117	222934.7	49.149	8.154	-0.37	M	LER
101024128	20150117	231801.8	49.15	8.162	-0.54	M	LER
101024129	20150118	35038.3	49.152	8.156	-0.13	M	LER
101024131	20150122	233137.8	49.158	8.158	0.03	M	LER
101024133	20150126	11727.4	49.188	8.128	0.51	M	LER
101024134	20150126	11744.1	49.192	8.127	0.07	M	LER
101024136	20150131	24825.7	49.15	8.156	-0.49	M	LER
101024137	20150204	204423	49.147	8.157	LER		
101024138	20150215	83424.5	49.158	8.157	-0.46	M	LER
101024139	20150216	23941	49.148	8.157	-0.46	M	LER
101024140	20150226	132310.3	49.151	8.158	-0.09	M	LER
101024143	20150212	143134.5	49.149	8.16	0.59	M	LER
101024145	20150220	220416.4	49.146	8.154	-0.45	M	LER
101024147	20150226	221747.3	49.151	8.16	-0.21	M	LER
101024148	20150227	1339.3	49.151	8.159	-0.45	M	LER
101024149	20150227	33329.4	49.151	8.159	-0.37	M	LER
101024150	20150306	215728.4	49.15	8.154	0.57	M	LER
101024151	20150306	233840.8	49.15	8.158	-0.23	M	LER
101024152	20150306	233921.2	49.15	8.155	-0.62	M	LER
101024153	20150307	31315.8	49.149	8.154	-0.74	M	LER
101024154	20150307	31834.5	49.149	8.154	LER		
101024155	20150307	31832	49.149	8.156	-0.23	M	LER
101024156	20150307	33920.5	49.148	8.155	-0.66	M	LER
101024157	20150307	55124.5	49.149	8.153	-0.66	M	LER
101024158	20150307	102612.5	49.15	8.15	-0.05	M	LER
101024159	20150307	104030	49.151	8.147	-0.13	M	LER
101024160	20150309	154344.9	49.151	8.157	LER		
101024161	20150309	154338.6	49.148	8.159	0.14	M	LER
101024162	20150321	25543.2	49.151	8.155	-0.42	M	LER
101024165	20150306	213920.4	49.148	8.153	-0.19	M	LER
101024166	20150306	215746.4	49.15	8.156	0.55	M	LER
101024167	20150306	222303.4	49.153	8.15	-0.69	M	LER
101024169	20150307	23304	49.149	8.156	0.63	M	LER
101024170	20150307	23558.4	49.149	8.158	0.22	M	LER
101024171	20150307	24758.7	49.149	8.156	0.41	M	LER
101024173	20150307	31457.8	49.15	8.157	-0.06	M	LER
101024174	20150307	31724.5	49.151	8.159	-0.06	M	LER
101024175	20150307	31840.3	49.149	8.156	-0.33	M	LER
101024176	20150307	32615.8	49.15	8.156	-0.23	M	LER
101024179	20150307	35159.1	49.151	8.155	-0.49	M	LER
101024180	20150307	35705.5	49.149	8.151	-0.3	M	LER
101024181	20150307	40400	49.149	8.156	-0.48	M	LER
101024182	20150307	103916.2	49.151	8.158	0.32	M	LER
101024183	20150307	104622.1	49.15	8.154	0.47	M	LER
101024184	20150307	104631.6	49.15	8.154	0.46	M	LER
101024185	20150307	162436.6	49.15	8.154	-0.11	M	LER
101024186	20150308	82943.4	49.15	8.156	0.01	M	LER
101024187	20150308	101033.3	49.15	8.157	0.15	M	LER
101024188	20150308	111710.6	49.151	8.151	-0.61	M	LER
101024189	20150309	154340.4	49.15	8.158	0.08	M	LER
101024190	20150309	204305.4	49.151	8.16	-0.64	M	LER
101024191	20150311	13124.1	49.141	8.156	-0.39	M	LER
101024194	20150321	25533.1	49.15	8.159	-0.42	M	LER
101024195	20150323	201024	49.15	8.158	-0.42	M	LER
101024196	20150325	33056.1	49.152	8.152	-0.6	M	LER
101024198	20150325	170132.8	49.15	8.158	0.31	M	LER
101024201	20150328	60741.2	49.149	8.158	0.4	M	LER
101024202	20150328	81752.8	49.152	8.153	0.16	M	LER
101024203	20150328	83006.5	49.151	8.157	0.07	M	LER
101024204	20150328	123212.7	49.151	8.157	0.31	M	LER
101024205	20150328	130157.4	49.148	8.156	-0.15	M	LER
101024206	20150328	134932.8	49.15	8.158	-0.05	M	LER
101024207	20150328	222432.6	49.149	8.161	-0.68	M	LER
101024208	20150329	3533.8	49.152	8.15	-0.3	M	LER
101024210	20150418	121015.7	49.151	8.151	-1.34	M	LER
101024211	20150425	200835.4	49.147	8.161	-0.58	M	LER
101024212	20150405	181639.3	49.151	8.149	-0.43	M	LER
101024213	20150410	30655	49.151	8.161	-0.54	M	LER
101024214	20150410	223539.8	49.15	8.159	-0.2	M	LER
101024215	20150411	30340.3	49.151	8.16	-0.33	M	LER
101024216	20150412	215333.4	49.15	8.156	0.35	M	LER
101024217	20150419	212408.7	49.149	8.157	0.18	M	LER
101024218	20150421	170703.7	49.153	8.156	-0.29	M	LER
101024219	20150424	220223.3	49.152	8.158	-0.4	M	LER
101024220	20150424	235825.1	49.148	8.157	-0.53	M	LER
101024221	20150425	221511.5	49.15	8.157	-0.79	M	LER
101024223	20150520	95508.4	49.148	8.158	-0.17	M	LER
101024224	20150520	103619.1	49.148	8.16	-0.2	M	LER
101024225	20150521	72908.8	49.15	8.164	-0.12	M	LER
101024227	20150502	230300.3	49.149	8.16	-0.46	M	LER
101024228	20150502	234527.1	49.148	8.161	-0.79	M	LER
101024229	20150504	70803.7	49.15	8.156	-0.18	M	LER
101024230	20150508	95845.3	49.149	8.165	0.12	M	LER
101024232	20150513	4107.7	49.151	8.16	-0.31	M	LER
101024233	20150519	24337.5	49.148	8.159	-0.02	M	LER
101024236	20150522	202841.2	49.15	8.16	0.65	M	LER
101024237	20150522	205936.4	49.154	8.161	-0.2	M	LER
101024238	20150523	190422.1	49.148	8.157	0.89	M	LER
101024239	20150523	221419.5	49.149	8.158	-0.16	M	LER
101024240	20150524	938.9	49.148	8.15	0.01	M	LER
101024241	20150524	141149.7	49.148	8.162	-0.21	M	LER
101024242	20150525	194854.3	49.151	8.16	0.53	M	LER
101024244	20150528	212003.3	49.148	8.161	0.21	M	LER
101024245	20150603	184236.3	49.148	8.161	-0.29	M	LER
101024246	20150603	185332.4	49.152	8.155	-0.06	M	LER
101024247	20150603	185329	49.151	8.156	-0.01	M	LER
101024248	20150603	204637.6	49.152	8.157	-0.3	M	LER
101024249	20150608	204657.8	49.15	8.159	-0.56	M	LER
101024250	20150616	10043.7	49.15	8.159	-0.69	M	LER
101024251	20150629	184026.9	49.154	8.166	LER		
101024254	20150604	190217.7	49.152	8.156	-0.06	M	LER
101024256	20150608	165740.6	49.156	8.152	0.11	M	LER
101024258	20150614	121243.1	49.151	8.155	0.04	M	LER
101024259	20150614	121423.4	49.151	8.156	-0.15	M	LER
101024262	20150621	52034.7	49.147	8.169	-0.63	M	LER
101024264	20150626	20012.2	49.14	8.171	-0.5	M	LER
101024265	20150627	82722.6	49.149	8.158	0.1	M	LER
101024267	20150629	221346.9	49.15	8.153	-0.49	M	LER
101024268	20150629	222403	49.15	8.153	0.42	M	LER
101024270	20150708	213118.3	49.152	8.169	-0.24	M	LER
101024271	20150711	185415.8	49.15	8.157	-0.16	M	LER
101024272	20150702	34435.5	49.152	8.155	0.1	M	LER
101024273	20150702	34507.8	49.153	8.153	-0.06	M	LER
101024276	20150707	20559.3	49.149	8.154	-0.39	M	LER
101024278	20150710	3820.8	49.15	8.155	-0.25	M	LER
101024283	20150727	2121.2	49.149	8.163	-0.66	M	LER
101024284	20150728	101023.8	49.148	8.161	0.03	M	LER
101024286	20150802	34353.1	49.152	8.159	-0.51	M	LER
101024287	20150809	3707.5	49.148	8.161	-0.3	M	LER
101024290	20150816	50932.5	49.16	8.151	-0.23	M	LER
101024291	20150816	223740.1	49.142	8.17	-0.01	M	LER
101024292	20150817	233424.1	49.142	8.169	-0.15	M	LER
101024293	20150818	235838.8	49.146	8.168	0.46	M	LER
101024294	20150821	114448.1	49.144	8.168	0.45	M	LER
101024295	20150821	211609.5	49.185	8.122	-0.43	M	LER
101024297	20150822	25235	49.191	8.125	-0.63	M	LER
101024301	20150830	223807.9	49.156	8.159	0.47	M	LER
101024302	20150830	234820.9	49.156	8.157	0.39	M	LER
101024303	20150904	13538	49.153	8.151	LER		
101024304	20150904	22512.7	49.15	8.152	-0.35	M	LER
101024305	20150904	25226.5	49.15	8.154	-0.53	M	LER
101024306	20150905	1512.1	49.147	8.154	-0.62	M	LER
101024307	20150905	25647.1	49.146	8.167	-0.69	M	LER
101024308	20150905	70610.6	49.15	8.155	-0.05	M	LER
101024309	20150905	90123.8	49.152	8.155	-0.02	M	LER
101024310	20150905	172213.6	49.149	8.151	-0.28	M	LER
101024311	20150905	201347.2	49.152	8.151	-0.76	M	LER
101024312	20150906	162350.8	49.148	8.155	-0.14	M	LER
101024313	20150907	190629.8	49.14	8.166	-0.36	M	LER
101024314	20150907	201541.6	49.149	8.156	-0.47	M	LER
101024315	20150911	232141.6	49.145	8.163	0.84	M	LER
101024316	20150911	232153.3	49.148	8.161	LER		
101024317	20150912	33813.1	49.144	8.165	-0.53	M	LER
101024318	20150920	174511	49.154	8.161	0.12	M	LER
101024319	20150924	33115.6	49.145	8.164	-0.15	M	LER
101024320	20150924	181224.5	49.15	8.153	-0.37	M	LER
101024321	20150924	181227.3	49.15	8.156	-0.01	M	LER
101024322	20150924	183702.3	49.148	8.152	-0.19	M	LER
101024325	20150903	111046.6	49.152	8.154	0.05	M	LER
101024326	20150903	111254.8	49.151	8.154	0.41	M	LER
101024327	20150904	132.3	49.15	8.155	-0.41	M	LER
101024328	20150904	156.9	49.15	8.154	0.52	M	LER
101024329	20150904	13521.5	49.149	8.155	0.58	M	LER
101024330	20150904	14506	49.148	8.156	-0.15	M	LER
101024331	20150904	20843.9	49.15	8.157	-0.25	M	LER
101024332	20150904	20943.2	49.15	8.154	0.19	M	LER
101024333	20150904	163634	49.149	8.156	0.62	M	LER
101024334	20150905	52447.9	49.149	8.156	0.16	M	LER
101024337	20150905	144659.5	49.15	8.154	-0.36	M	LER
101024338	20150905	174215.1	49.149	8.155	0.23	M	LER
101024339	20150906	92611.6	49.149	8.15	-0.27	M	LER
101024340	20150906	231530.2	49.148	8.151	-0.68	M	LER
101024341	20150907	13723.1	49.146	8.158	-0.03	M	LER
101024342	20150907	24822.5	49.148	8.156	-0.23	M	LER
101024344	20150907	234101.8	49.149	8.154	-0.75	M	LER
101024345	20150910	162709.2	49.149	8.161	0.61	M	LER
101024348	20150912	949.9	49.15	8.162	0.41	M	LER
101024349	20150912	4258.3	49.149	8.162	-0.59	M	LER
101024350	20150912	4311.1	49.147	8.163	-0.08	M	LER
101024352	20150912	63928.1	49.149	8.157	-0.23	M	LER
101024356	20150916	140706.5	49.149	8.153	0.06	M	LER
101024357	20150916	232341.9	49.148	8.14	-0.7	M	LER
101024359	20150919	11301.2	49.148	8.154	-0.77	M	LER
101024360	20150919	20824.8	49.148	8.152	-0.61	M	LER
101024361	20150922	122008.5	49.149	8.157	0.48	M	LER
101024362	20150923	212741.8	49.149	8.157	-0.2	M	LER
101024363	20150924	181209.7	49.152	8.165	-0.39	M	LER
101024365	20150926	221133	49.15	8.16	0.13	M	LER
101024366	20150927	31831.4	49.151	8.16	0.38	M	LER
101024367	20150927	34338.3	49.153	8.147	-0.03	M	LER
101024368	20150929	1711.4	49.15	8.159	0.45	M	LER
101024372	20151001	73113.8	49.152	8.156	0.04	M	LER
101024373	20151003	202840.9	49.152	8.158	-0.44	M	LER
101024374	20151006	3008.2	49.147	8.144	-0.32	M	LER
101024375	20151002	30500.7	49.151	8.154	-0.09	M	LER
101024376	20151003	23411.9	49.147	8.153	-0.48	M	LER
101024377	20151003	25609.6	49.151	8.159	-0.13	M	LER
101024379	20151003	94144.8	49.15	8.158	0.25	M	LER
101024380	20151005	5805.1	49.152	8.16	-0.21	M	LER
101024382	20151005	202719.3	49.152	8.158	0.07	M	LER
101024384	20151007	225433.3	49.151	8.157	-0.37	M	LER
101024385	20151008	10046.7	49.147	8.145	0.09	M	LER
101024386	20151008	23455.8	49.144	8.141	-0.67	M	LER
101024387	20151008	231503.2	49.146	8.155	0.33	M	LER
101024388	20151009	13230.4	49.151	8.158	-0.22	M	LER
101024389	20151011	234918.8	49.146	8.155	0.64	M	LER
101024390	20151012	42237.1	49.146	8.149	-0.22	M	LER
101024391	20151012	145949.3	49.148	8.146	-0.08	M	LER
101024392	20151013	50539.6	49.146	8.156	-0.08	M	LER
101024393	20151017	63536.3	49.152	8.157	-0.24	M	LER
101024394	20151017	63945.5	49.153	8.158	0.13	M	LER
101024396	20151024	194318.5	49.151	8.158	-0.66	M	LER
101024397	20151025	30948.6	49.148	8.178	-1.03	M	LER
101024399	20151026	210522.8	49.146	8.165	-0.23	M	LER
101024400	20151028	12918.1	49.152	8.158	0.53	M	LER
101024402	20151031	233251.7	49.146	8.147	-0.7	M	LER
101024403	20151102	51020	49.148	8.156	-0.08	M	LER
101024406	20151105	203959.2	49.151	8.159	0.27	M	LER
101024407	20151108	35638.9	49.151	8.161	-1	M	LER
101024410	20151122	220213.5	49.147	8.154	-0.31	M	LER
101024411	20151123	164914.9	49.145	8.166	-0.15	M	LER
101024412	20151124	211744	49.146	8.164	-0.23	M	LER
101024413	20151125	184938.6	49.147	8.164	0.12	M	LER
101024414	20151125	214130	49.145	8.16	-0.51	M	LER
101024415	20151125	231134.8	49.148	8.154	0.16	M	LER
101024417	20151129	2750.4	49.146	8.166	-0.1	M	LER
101024418	20151216	54322.1	49.15	8.144	-0.13	M	LER
101024420	20151205	33710.8	49.147	8.165	-0.28	M	LER
101024422	20151209	223445	49.147	8.157	-0.28	M	LER
101024424	20151214	10805.6	49.146	8.162	-0.52	M	LER
101024426	20151227	85456.7	49.147	8.155	-0.18	M	LER
101024427	20160106	204452.2	49.149	8.159	-0.7	M	LER
101024428	20160106	222742	49.148	8.156	-0.76	M	LER
101024429	20160110	234952	49.149	8.154	-0.39	M	LER
101024430	20160111	34557.7	49.15	8.155	-0.72	M	LER
101024431	20160111	34613.6	49.148	8.157	-0.2	M	LER
101024432	20160111	34627.3	49.149	8.153	LER		
101024435	20160105	142857.5	49.149	8.157	0.32	M	LER
101024436	20160106	204026.3	49.149	8.157	-0.21	M	LER
101024437	20160106	213958.1	49.148	8.16	-0.56	M	LER
101024439	20160106	224327.8	49.15	8.156	-0.68	M	LER
101024440	20160107	4406.6	49.148	8.158	-0.02	M	LER
101024442	20160107	222640.6	49.151	8.158	0.17	M	LER
101024443	20160108	30050.9	49.154	8.155	-0.18	M	LER
101024444	20160108	185841.5	49.152	8.15	0.09	M	LER
101024445	20160109	41951.4	49.151	8.157	0.06	M	LER
101024446	20160109	42204.9	49.151	8.157	-0.11	M	LER
101024447	20160109	80358.3	49.151	8.156	-0.27	M	LER
101024449	20160109	191608.9	49.152	8.155	-0.62	M	LER
101024450	20160110	234937.3	49.15	8.156	-0.53	M	LER
101024451	20160111	34615.3	49.148	8.154	-0.24	M	LER
101024452	20160111	40817.9	49.15	8.158	0.33	M	LER
101024453	20160112	65048.9	49.152	8.149	-0.18	M	LER
101024454	20160114	11726.3	49.15	8.157	-0.79	M	LER
101024455	20160114	54213.3	49.15	8.156	0.01	M	LER
101024456	20160117	131943.8	49.187	8.127	-0.21	M	LER
101024459	20160128	133.5	49.152	8.157	-0.65	M	LER
101024460	20160209	191617.5	49.151	8.156	-0.29	M	LER
101024461	20160217	70631.7	49.147	8.151	0.08	M	LER
101024462	20160206	221122.7	49.147	8.161	-0.46	M	LER
101024463	20160207	14728.3	49.152	8.127	-1.05	M	LER
101024464	20160209	191528.9	49.152	8.157	-0.27	M	LER
101024465	20160211	74741.9	49.187	8.119	0.78	M	LER
101024466	20160211	83415	49.187	8.118	0.47	M	LER
101024468	20160212	25943.6	49.147	8.153	0.42	M	LER
101024471	20160213	113245.3	49.148	8.153	-0.11	M	LER
101024472	20160215	21303.8	49.155	8.168	-0.64	M	LER
101024476	20160217	15645.5	49.147	8.155	-0.2	M	LER
101024478	20160227	4455.1	49.151	8.156	-0.76	M	LER
101024479	20160229	72144.6	49.151	8.154	0.41	M	LER
101024480	20160307	174602	49.188	8.122	0.25	M	LER
101024481	20160307	174606.8	49.159	8.134	LER		
101024482	20160307	174618.6	49.172	8.121	LER		
101024484	20160330	71545	49.153	8.161	0.29	M	LER
101024486	20160302	21022.8	49.149	8.16	-0.46	M	LER
101024487	20160304	94038.9	49.149	8.166	-0.03	M	LER
101024488	20160310	41953.3	49.189	8.13	-0.25	M	LER
101024490	20160316	180640.2	49.192	8.121	0.04	M	LER
101024493	20160327	74815.8	49.15	8.161	0.11	M	LER
101024494	20160327	80817.4	49.148	8.16	-0.46	M	LER
101024495	20160327	231814	49.151	8.158	-0.9	M	LER
101024496	20160328	112100	49.154	8.146	-0.44	M	LER
101024497	20160328	132835	49.154	8.156	0.31	M	LER
101024498	20160329	155649.3	49.151	8.166	-0.22	M	LER
101024500	20160402	81019.1	49.151	8.154	-0.24	M	LER
101024501	20160402	81118.5	49.15	8.156	0.05	M	LER
101024502	20160402	81106	49.15	8.157	LER		
101024503	20160409	190311	49.151	8.161	-0.44	M	LER
101024505	20160412	194948.5	49.151	8.152	0.01	M	LER
101024506	20160413	24759.2	49.148	8.152	0.47	M	LER
101024509	20160416	220900.3	49.15	8.159	-0.4	M	LER
101024510	20160417	15221.1	49.149	8.153	-0.91	M	LER
101024512	20160420	230141.5	49.149	8.154	0	M	LER
101024513	20160430	2305.3	49.143	8.151	0.07	M	LER
101024514	20160513	195739.2	49.153	8.132	-0.17	M	LER
101024517	20160515	4820.4	49.147	8.156	-0.89	M	LER
101024518	20160515	4846.8	49.147	8.155	-0.47	M	LER
101024519	20160515	5353.3	49.147	8.16	-0.96	M	LER
101024520	20160516	11418.1	49.148	8.155	-0.83	M	LER
101024522	20160520	152954.9	49.148	8.157	0.21	M	LER
101024523	20160522	640.6	49.142	8.141	-1.05	M	LER
101024525	20160524	42518.5	49.15	8.161	0.38	M	LER
101024526	20160524	112347	49.151	8.158	-0.32	M	LER
101024530	20160623	131913.8	49.161	8.164	0.07	M	LER
101024531	20160623	165213.2	49.16	8.157	0.23	M	LER
101024532	20160602	2158.9	49.149	8.16	0	M	LER
101024534	20160609	11746.8	49.15	8.154	-0.43	M	LER
101024535	20160612	53754.2	49.149	8.144	-0.69	M	LER
101024537	20160617	130936.4	49.147	8.158	0.64	M	LER
101024538	20160619	113311.5	49.149	8.16	0.38	M	LER
101024544	20160722	212035.5	49.142	8.158	-0.66	M	LER
101024545	20160725	4019.4	49.139	8.152	-0.69	M	LER
101024546	20160728	75913.1	49.165	8.147	0.27	M	LER
101024547	20160731	42712.8	49.162	8.162	-0.37	M	LER
101024551	20160707	233002.9	49.185	8.12	-0.71	M	LER
101024553	20160708	102042.4	49.162	8.143	0.17	M	LER
101024554	20160709	72754.2	49.156	8.149	0.1	M	LER
101024555	20160712	24827.3	49.163	8.148	-0.05	M	LER
101024558	20160714	154303.2	49.161	8.142	0.06	M	LER
101024560	20160714	180833.1	49.152	8.158	-0.31	M	LER
101024561	20160714	230650.7	49.161	8.143	-0.58	M	LER
101024562	20160714	230736.2	49.162	8.14	-0.49	M	LER
101024564	20160724	173100.1	49.152	8.153	-0.06	M	LER
101024565	20160724	210733.5	49.152	8.158	0.46	M	LER
101024568	20160725	143315.9	49.153	8.153	-0.33	M	LER
101024569	20160727	183409.8	49.151	8.158	0.29	M	LER
101024570	20160728	143210.4	49.151	8.154	-0.25	M	LER
101024571	20160730	11136.2	49.154	8.158	-0.27	M	LER
101024743	20160817	200541.8	49.181	8.126	LER		
101024744	20160817	201646.9	49.18	8.127	-0.39	M	LER
101024745	20160821	175428.2	49.159	8.137	-0.32	M	LER
101024747	20160802	194213.7	49.154	8.153	-0.55	M	LER
101024752	20160807	123610.5	49.145	8.163	-0.11	M	LER
101024755	20160811	142937.4	49.147	8.159	0.58	M	LER
101024756	20160812	1831.8	49.147	8.155	-0.64	M	LER
101024757	20160816	1435.7	49.146	8.159	-0.18	M	LER
101024759	20160817	233851	49.181	8.125	-0.57	M	LER
101024761	20160818	175734.2	49.147	8.161	0.16	M	LER
101024784	20160916	170150.4	49.163	8.157	0.96	ML	LER
101024918	20161013	62106.4	49.193	8.123	1.44	M	LER
101024943	20160911	163721.5	49.188	8.128	-0.09	M	LER
101024944	20160911	164556.3	49.182	8.131	LER		
101024945	20160911	164901.8	49.188	8.129	LER		
101024946	20160903	21553.2	49.147	8.171	-1.04	M	LER
101024950	20160910	214558.2	49.146	8.158	-0.61	M	LER
101024951	20160911	163640.5	49.187	8.133	0.65	M	LER
101024952	20160911	163908	49.186	8.132	0.08	M	LER
101024953	20160911	213129.6	49.187	8.127	-0.4	M	LER
101024954	20160912	70430	49.189	8.128	0.19	M	LER
101024956	20160913	201621.6	49.146	8.151	0.02	M	LER
101024962	20160919	154.2	49.188	8.133	-0.73	M	LER
101024964	20160924	131941.7	49.146	8.16	-0.2	M	LER
101024965	20160924	230053.3	49.151	8.158	-0.63	M	LER
101024966	20160925	45856.7	49.15	8.159	0	M	LER
101024967	20160927	223158.9	49.192	8.122	-0.39	M	LER
101024968	20160927	223206.9	49.177	8.126	-0.34	M	LER
101024969	20160927	232946.3	49.19	8.124	-0.68	M	LER
101025169	20121028	220501.9	49.16	8.144	0.12	M	LER
101025170	20121024	210654.4	49.141	8.156	-0.17	M	LER
101025171	20121024	220648.3	49.135	8.162	-0.15	M	LER
101025172	20121027	223825.6	49.136	8.162	0.49	M	LER
101025174	20121028	220455.7	49.153	8.144	0.09	M	LER
101025175	20121030	12629	49.156	8.142	-0.66	M	LER
101025176	20121030	154152.3	49.16	8.131	0.09	M	LER
101025177	20121030	191645.6	49.142	8.154	0.27	M	LER
101025178	20121031	20900.8	49.137	8.162	-0.14	M	LER
101025179	20121031	113657.9	49.137	8.162	0.61	M	LER
101025181	20121031	204255.4	49.152	8.144	0.31	M	LER
101025183	20121101	954.1	49.159	8.139	-0.46	M	LER
101025184	20121101	13742.9	49.136	8.162	-0.66	M	LER
101025185	20121101	20359.845	49.151	8.138	0.6	M	LER
101025186	20121101	32600.114	49.14	8.165	0.52	M	LER
101025187	20121101	172620.6	49.151	8.149	0.06	M	LER
101025188	20121101	210358.5	49.152	8.144	0.2	M	LER
101025189	20121102	3528.7	49.136	8.163	-0.16	M	LER
101025190	20121102	70842.1	49.137	8.15	0.09	M	LER
101025191	20121102	165605.6	49.134	8.164	0.32	M	LER
101025192	20121103	1315	49.16	8.145	-0.5	M	LER
101025193	20121103	104142.8	49.14	8.162	0.46	M	LER
101025194	20121105	10657.6	49.141	8.159	-0.49	M	LER
101025195	20121105	165414.1	49.138	8.163	0.24	M	LER
101025196	20121106	135357.7	49.141	8.163	0.32	M	LER
101025197	20121107	153916.1	49.141	8.148	0.41	M	LER
101025198	20121107	222608.4	49.141	8.151	-0.31	M	LER
101025199	20121108	13813.5	49.154	8.149	-0.04	M	LER
101025200	20121108	25200.104	49.142	8.164	0.63	M	LER
101025201	20121108	145100.114	49.146	8.161	1.19	M	LER
101025202	20121108	200700.1	49.145	8.161	1.34	M	LER
101025203	20121108	201200.127	49.146	8.162	0.51	M	LER
101025204	20121108	205713.1	49.171	8.138	0.18	M	LER
101025205	20121109	32203.9	49.152	8.147	0.16	M	LER
101025206	20121110	25855.1	49.144	8.148	-0.27	M	LER
101025207	20121110	52602.2	49.138	8.158	-0.72	M	LER
101025208	20121110	54956.4	49.164	8.156	-0.12	M	LER
101025209	20121110	74009.3	49.143	8.161	-0.02	M	LER
101025210	20121110	140900.162	49.144	8.16	1.32	M	LER
101025211	20121111	452	49.142	8.154	0.44	M	LER
101025212	20121111	25640.8	49.138	8.157	0.11	M	LER
101025213	20121111	125842	49.137	8.163	0.25	M	LER
101025214	20121112	1626.1	49.152	8.133	-0.22	M	LER
101025215	20121112	111500.17	49.14	8.165	1.54	M	LER
101025216	20121112	112100.146	49.139	8.165	1.25	M	LER
101025217	20121112	123000.156	49.139	8.165	0.66	M	LER
101025218	20121112	125300.146	49.139	8.164	1.35	M	LER
101025219	20121112	130630.1	49.136	8.163	0.41	M	LER
101025220	20121112	134203.6	49.138	8.16	0.08	M	LER
101025221	20121112	174000.5	49.137	8.162	0.04	M	LER
101025222	20121113	122624.3	49.135	8.162	0	M	LER
101025223	20121116	1409.1	49.144	8.156	-0.25	M	LER
101025224	20121116	2745.6	49.139	8.161	-0.11	M	LER
101025225	20121116	35628.9	49.137	8.163	-0.47	M	LER
101025226	20121117	24737.3	49.138	8.162	-0.04	M	LER
101025227	20121117	24839.6	49.138	8.162	-0.37	M	LER
101025228	20121118	35606.6	49.156	8.146	-0.4	M	LER
101025229	20121118	52537.3	49.156	8.144	-0.49	M	LER
101025230	20121118	54117.5	49.136	8.16	-0.91	M	LER
101025231	20121118	61308.2	49.142	8.152	-0.61	M	LER
101025232	20121119	32159.86	49.141	8.132	0.42	M	LER
101025233	20121119	32400.092	49.155	8.145	0.32	M	LER
101025234	20121120	4410.7	49.157	8.135	-0.66	M	LER
101025235	20121120	32756.1	49.132	8.165	-0.59	M	LER
101025236	20121120	214826.4	49.136	8.163	0.38	M	LER
101025237	20121121	2501	49.135	8.163	-0.67	M	LER
101025238	20121122	34450.3	49.159	8.151	-0.68	M	LER
101025239	20121123	2401.7	49.135	8.164	-0.51	M	LER
101025240	20121123	30300.112	49.14	8.164	0.97	M	LER
101025241	20121123	30512	49.136	8.161	0.48	M	LER
101025242	20121123	35304.1	49.139	8.161	-0.57	M	LER
101025243	20121123	44138.2	49.138	8.162	-0.34	M	LER
101025244	20121123	231900.141	49.141	8.165	1.24	M	LER
101025245	20121124	2852.8	49.138	8.163	-0.58	M	LER
101025246	20121124	223759.4	49.137	8.161	-0.3	M	LER
101025248	20121125	23612.9	49.137	8.158	-0.38	M	LER
101025249	20121125	55324.4	49.137	8.158	-0.37	M	LER
101025251	20121130	82637	49.147	8.161	-0.14	M	LER
101025252	20121201	33400.101	49.155	8.146	0.57	M	LER
101025253	20121204	44459.934	49.153	8.157	0.8	M	LER
101025254	20121204	45042.2	49.142	8.155	0.01	M	LER
101025255	20121205	44658.3	49.14	8.162	0.47	M	LER
101025256	20121209	42424.5	49.15	8.155	-0.27	M	LER
101025257	20121209	43021.5	49.147	8.146	-0.42	M	LER
101025258	20121209	114059.841	49.159	8.157	0.54	M	LER
101025259	20121209	165013.8	49.153	8.153	0.14	M	LER
101025260	20121209	220635.6	49.153	8.151	0.3	M	LER
101025261	20121210	20644.3	49.155	8.15	-0.25	M	LER
101025262	20121210	21205.3	49.152	8.144	-0.58	M	LER
101025263	20121211	75419.9	49.157	8.146	-0.23	M	LER
101025264	20121211	123340.9	49.137	8.158	0.3	M	LER
101025265	20121212	3633.7	49.138	8.158	-0.07	M	LER
101025266	20121212	10450.4	49.153	8.153	-0.21	M	LER
101025267	20121212	20145.5	49.137	8.157	-0.27	M	LER
101025268	20121212	31054.3	49.139	8.156	-0.57	M	LER
101025269	20121212	31103.9	49.136	8.158	-0.12	M	LER
101025270	20121212	33525.7	49.138	8.157	0.16	M	LER
101025271	20121212	82840.3	49.154	8.154	-0.32	M	LER
101025272	20121212	170932.5	49.139	8.162	0.05	M	LER
101025273	20121214	25149.4	49.153	8.157	-0.43	M	LER
101025274	20121214	31500.115	49.155	8.155	0.46	M	LER
101025275	20121214	72137	49.149	8.158	-0.31	M	LER
101025276	20121216	91413.1	49.138	8.158	-0.4	M	LER
101025277	20121216	210900.167	49.154	8.157	1.15	M	LER
101025278	20121217	2547.5	49.152	8.146	-0.35	M	LER
101025279	20121218	201530.3	49.135	8.16	-0.39	M	LER
101025280	20121218	202800.143	49.154	8.151	0.55	M	LER
101025281	20121219	165335.5	49.145	8.163	-0.19	M	LER
101025282	20121220	230056	49.138	8.164	-0.24	M	LER
101025283	20121221	152327.4	49.153	8.147	0.05	M	LER
101025284	20121224	212424.9	49.141	8.156	-0.27	M	LER
101025285	20121225	54921.4	49.153	8.151	-0.38	M	LER
101025286	20130102	1455.6	49.153	8.153	-0.26	M	LER
101025287	20130104	213606.2	49.149	8.162	-0.46	M	LER
101025288	20130105	13632.2	49.156	8.144	-0.7	M	LER
101025289	20130107	42814.3	49.141	8.157	0.08	M	LER
101025290	20130107	44931.4	49.143	8.157	-0.24	M	LER
101025291	20130108	72915.9	49.139	8.157	0.11	M	LER
101025292	20130110	2231	49.141	8.158	-0.66	M	LER
101025293	20130110	44756	49.148	8.161	0.02	M	LER
101025294	20130113	20401.7	49.153	8.163	-0.65	M	LER
101025295	20130113	93100.025	49.16	8.162	0.39	M	LER
101025296	20130114	13635.7	49.142	8.154	-0.26	M	LER
101025297	20130115	41533.3	49.155	8.157	-0.5	M	LER
101025298	20130115	41605.8	49.138	8.164	-0.17	M	LER
101025299	20130116	84400.091	49.143	8.162	0.89	M	LER
101025300	20130117	34643.9	49.141	8.159	-0.61	M	LER
101025301	20130118	21539.3	49.145	8.154	-0.64	M	LER
101025302	20130122	212902	49.151	8.155	-0.15	M	LER
101025303	20130122	212907	49.147	8.154	-0.12	M	LER
101025304	20130126	192554.3	49.157	8.157	0.22	M	LER
101025305	20130126	194800.074	49.157	8.16	1.8	M	LER
101025306	20130127	110636.1	49.144	8.153	-0.12	M	LER
101025307	20130128	50628.9	49.168	8.142	-0.22	M	LER
101025308	20130130	85351.4	49.138	8.159	0.2	M	LER
101025309	20130202	14129.1	49.15	8.164	-0.35	M	LER
101025310	20130205	185700.06	49.157	8.164	0.72	M	LER
101025311	20130206	1609.8	49.141	8.152	-0.5	M	LER
101025312	20130209	85018.9	49.142	8.158	0.41	M	LER
101025313	20130214	102500.102	49.143	8.161	0.99	M	LER
101025314	20130217	35121.4	49.141	8.158	-0.58	M	LER
101025315	20130217	200659.969	49.156	8.159	2	M	LER
101025316	20130218	20816.7	49.144	8.162	-0.91	M	LER
101025317	20130220	32655.9	49.162	8.161	-0.54	M	LER
101025318	20130223	50800.008	49.164	8.161	0.54	M	LER
101025319	20130223	225649.7	49.154	8.141	-0.54	M	LER
101025320	20130227	51059.931	49.165	8.162	0.88	M	LER
101025321	20130227	100424.9	49.161	8.144	-0.11	M	LER
101025322	20130227	114346	49.16	8.143	-0.07	M	LER
101025323	20130318	10918.6	49.142	8.156	-0.32	M	LER
101025324	20130407	75959.758	49.154	8.127	0.27	M	LER
101025325	20130503	134518.5	49.161	8.163	-0.08	M	LER
101025326	20130504	53439.4	49.157	8.158	0.05	M	LER
101025327	20130504	152759.974	49.156	8.158	1.54	M	LER
101025328	20130508	193100.9	49.158	8.158	-0.15	M	LER
101025329	20130525	204201.7	49.15	8.158	-0.54	M	LER
101025330	20130525	213428.6	49.146	8.161	-0.53	M	LER
101025331	20130526	40532.9	49.154	8.159	-0.77	M	LER
101025332	20130526	131032	49.147	8.159	-0.06	M	LER
101025333	20130526	134456.4	49.151	8.157	0.17	M	LER
101025334	20130526	160906.9	49.15	8.156	0.03	M	LER
101025335	20130529	51600.086	49.157	8.159	1.17	M	LER
101025337	20130602	44308.5	49.142	8.154	-0.17	M	LER
101025338	20130602	224141.7	49.131	8.16	-0.36	M	LER
101025339	20130604	182034.3	49.142	8.156	0.27	M	LER
101025340	20130605	193000.088	49.143	8.16	0.4	M	LER
101025341	20130606	22909.4	49.144	8.153	0.16	M	LER
101025342	20130606	175904.4	49.144	8.154	-0.15	M	LER
101025343	20130607	22605.9	49.154	8.16	-0.29	M	LER
101025344	20130607	83818.5	49.143	8.159	-0.03	M	LER
101025345	20130608	171659.946	49.15	8.156	0.57	M	LER
101025346	20130609	94100.154	49.145	8.158	0.21	M	LER
101025347	20130609	222850.8	49.143	8.156	-0.54	M	LER
101025348	20130611	232523.9	49.141	8.157	-0.89	M	LER
101025349	20130613	142344.1	49.144	8.154	0.17	M	LER
101025350	20130617	71044.6	49.141	8.157	0.08	M	LER
101025351	20130623	21749.5	49.149	8.16	-0.7	M	LER
101025352	20130624	22405.9	49.148	8.158	-0.28	M	LER
101025353	20130625	1933.8	49.142	8.153	-0.54	M	LER
101025354	20130625	10045.1	49.154	8.162	-0.77	M	LER
101025355	20130628	53029.8	49.159	8.157	0.3	M	LER
101025356	20130630	50256.8	49.163	8.134	-0.85	M	LER
101025357	20130701	244.3	49.161	8.154	-0.94	M	LER
101025358	20130703	15814.4	49.151	8.157	-0.62	M	LER
101025359	20130707	105121.2	49.147	8.161	0.05	M	LER
101025360	20130712	234516.8	49.149	8.155	-0.54	M	LER
101025361	20130713	95400.033	49.161	8.16	1.26	M	LER
101025362	20130713	210108.1	49.158	8.157	0.1	M	LER
101025363	20130717	32929.5	49.139	8.16	-0.27	M	LER
101025364	20130721	23904.6	49.148	8.16	-0.58	M	LER
101025365	20130721	30826.7	49.155	8.16	-0.16	M	LER
101025366	20130721	32111	49.15	8.159	-0.47	M	LER
101025367	20130721	40623.3	49.156	8.159	-0.57	M	LER
101025368	20130804	52003.5	49.15	8.157	-0.39	M	LER
101025369	20130806	75359.959	49.153	8.158	1.2	M	LER
101025370	20130817	143100.2	49.149	8.159	-0.11	M	LER
101025371	20130820	50254	49.156	8.159	0.46	M	LER
101025372	20130904	220108.9	49.152	8.153	-0.42	M	LER
101025373	20130915	24738.3	49.148	8.16	-0.5	M	LER
101025374	20130926	234922.2	49.152	8.159	-0.33	M	LER
101025375	20130928	121519.5	49.15	8.157	-0.1	M	LER
101025376	20130929	10944.8	49.157	8.161	-0.23	M	LER
101025467	20161001	104033.6	49.15	8.156	-0.34	M	LER
101025468	20161002	3544.7	49.152	8.16	LER		
101025469	20161001	40232.9	49.149	8.161	-0.53	M	LER
101025470	20161001	230740.5	49.15	8.165	-0.95	M	LER
101025471	20161002	3546.7	49.152	8.159	-0.35	M	LER
101025472	20161002	42339.9	49.147	8.158	-0.65	M	LER
101025473	20161003	194026.7	49.147	8.156	0.04	M	LER
101025475	20161007	152749.4	49.151	8.157	0.19	M	LER
101025476	20161008	11046.1	49.152	8.163	-0.57	M	LER
101025477	20161010	220113.8	49.152	8.154	-1	M	LER
101025479	20161013	11459.5	49.188	8.122	-0.55	M	LER
101025483	20161019	21436.7	49.151	8.151	-0.58	M	LER
101025488	20161027	182304.5	49.16	8.162	-0.15	M	LER
101025494	20161102	54023	49.151	8.156	-0.2	M	LER
101025499	20161110	114447	49.195	8.126	0.32	M	LER
101025502	20161117	114414.9	49.181	8.023	1.48	M	LER
101025505	20161127	233131.8	49.147	8.155	-0.78	M	LER
101025573	20161218	235652.8	49.165	8.137	-0.66	M	LER
101025574	20161224	35330.7	49.149	8.155	-0.22	M	LER
101025575	20161224	43508.7	49.152	8.155	-0.16	M	LER
101025576	20161228	210145.3	49.193	8.118	0.23	M	LER
101033303	20170307	163628.28	49.163	8.151	0.9	ML	LED
101033357	20170403	102048.4	49.12	8.12	1.1	ML	LED
101033556	20170611	52949.77	49.147	8.158	0.9	ML	LED
101033576	20170616	160320.14	49.16	8.132	1.4	ML	LED
101033577	20170624	103356.41	49.16	8.13	1.1	ML	LED
101033604	20170712	205948.99	49.149	8.163	0.9	ML	LED
101033606	20170717	63122.05	49.144	8.166	1	ML	LED
101033611	20170717	101232	49.142	8.166	0.9	ML	LED
101033627	20170728	221552.2	49.144	8.161	1.1	ML	LED
101033628	20170728	211042.08	49.136	8.177	1	ML	LED
101033839	20171102	220044.73	49.187	8.132	0.7	ML	LED
101033921	20171226	175215.28	49.142	8.191	1.2	ML	LED
101035851	20180207	203039.2	49.148	8.142	0.9	ML	LED
101036283	20171226	175203.91	49.143	8.182	1.3	ML	LED
101036308	20171206	221044.07	49.146	8.169	1	ML	LED
101042638	20180607	223524	49.141	8.169	0.6	ML	LED
101043008	20180614	4104.44	49.132	8.162	0.7	ML	LED
101043010	20180615	2019.72	49.143	8.145	1	ML	LED
101043017	20180621	33259.45	49.147	8.143	0.7	ML	LED
101045877	20181231	142532.47	49.149	8.14	0.9	ML	LED
101045917	20190105	23438.98	49.146	8.12	1	ML	LED
101046244	20190125	150453.6	49.149	8.139	1.3	ML	LED
101052820	20190529	193526.94	49.145	8.139	1.1	ML	LED
101053049	20190611	163759.55	49.141	8.135	1.1	ML	LED
101053330	20190623	164607.87	49.144	8.15	0.8	ML	LED
101054656	20190803	23028.7	49.16	8.13	1.3	ML	LED
101056137	20191012	31958.19	49.189	8.111	1.4	ML	LED
101056937	20191123	60757.87	49.147	8.14	1.4	ML	LED
101060140	20191227	174420.68	49.15	8.139	1.5	ML	LED
101060525	20200122	12056.12	49.199	8.107	1.6	ML	LED
101060555	20200127	181541.54	49.15	8.145	1.5	ML	LED
101060933	20121101	32630.11	49.15	8.167	0.9	ML	LED
1010618009	20010618	133105.154	49.222	7.994	1.8	ML	BGR
1020217002	20020217	122612.2	49.18	7.99	1.9	ML	LED
1071123002	20071123	74322.85	49.193	8.111	1.833	ML	BGR
1080217002	20080217	140757.279	49.183	8.105	1.6	ML	BGR
1080224001	20080224	35309.8	49.19	8.09	1.8	ML	LED
1080224002	20080224	35631.1	49.18	8.1	1.7	ML	LED
1081019019	20081019	174300.45	49.198	8.114	1.7	ML	LED
1081113009	20081113	21531.49	49.179	8.092	1.4	ML	BGR
1090406013	20090406	55534.595	49.198	8.082	1.5	ML	BGR
1090406014	20090406	55825.72	49.193	8.097	1.8	ML	LED
1090508008	20090508	192318.6	49.15	8.16	2.1	ML	LED
1090508009	20090508	203309.8	49.15	8.15	2	ML	LED
1090508011	20090508	222832.7	49.16	8.15	2	ML	LED
1090508012	20090508	130430.493	49.147	8.149	1.5	ML	BGR
1090508013	20090508	131433.9	49.15	8.16	2	ML	LED
1090508014	20090508	144718.232	49.156	8.093	1.7	ML	BGR
1090508015	20090508	145259.144	49.148	8.104	1.7	ML	BGR
1090508016	20090508	170929.921	49.153	8.089	1.6	ML	BGR
1090510008	20090510	122149.831	49.15	8.117	1.3	ML	BGR
1090510009	20090510	125615.872	49.152	8.132	1.4	ML	BGR
1090520002	20090520	4248.65	49.188	8.117	1.7	ML	KIT
1090520003	20090520	4600.49	49.189	8.118	1.6	ML	KIT
1090520004	20090520	4757.86	49.188	8.118	1.9	ML	KIT
1090815001	20090815	121051.92	49.196	8.124	2.7	ML	KIT
1090815007	20090815	121817.77	49.193	8.115	1.5	ML	KIT
1090815011	20090815	121234.21	49.193	8.118	1.4	ML	KIT
1090903007	20090903	74438.6	49.15	8.16	1.5	ML	LED
1090913014	20090913	181804.561	49.178	8.074	1.4	ML	BGR
1090913015	20090913	181842.427	49.182	8.069	1.5	ML	BGR
1090913016	20090913	182106.182	49.176	8.085	1.4	ML	BGR
1090913017	20090913	174720.14	49.188	8.117	1.6	ML	KIT
1090914001	20090914	183817.13	49.188	8.131	2.4	ML	KIT
1090914002	20090914	202259.96	49.19	8.121	1.2	ML	KIT
1090914004	20090914	183900.51	49.191	8.125	1.9	ML	KIT
1090914005	20090914	184647.25	49.19	8.122	1.3	ML	KIT
1090915001	20090915	182018.71	49.19	8.121	1.5	ML	KIT
1090915009	20090915	70141.68	49.19	8.122	1.6	ML	KIT
1091018005	20091018	191212.95	49.14	8.167	1.5	ML	LED
1100314007	20100314	111347.99	49.191	8.124	1.3	ML	KIT
1100407012	20100407	134621.4	49.14	8.16	1.7	ML	LED
1100407013	20100407	90404.7	49.14	8.16	1.6	ML	LED
1100409003	20100409	105222.01	49.149	8.153	2.4	ML	LED
1100409004	20100409	123633.8	49.151	8.158	2.2	ML	LED
1100415005	20100415	203609	49.15	8.17	1.6	ML	LED
1100715007	20100715	145130.86	49.192	8.122	1.4	ML	KIT
1101030007	20101030	134408.07	49.189	8.117	1.1	ML	KIT
1101212001	20101212	42017.1	49.19	8.124	2	ML	KIT
1101212007	20101212	41148.45	49.191	8.125	1.4	ML	KIT
1101215007	20101215	193340.47	49.19	8.127	1.3	ML	KIT
1110101004	20110101	192013.4	49.236	8.058	1.7	md	LDG
1110101004	20110101	192013.4	49.236	8.058	1.7	ml	LDG
1110710012	20110710	201852.35	49.194	8.118	1.3	ML	KIT
1111004001	20111004	100729.01	49.19	8.129	1.5	ML	KIT
1111004002	20111004	150511.82	49.188	8.129	1.7	ML	KIT
1111006011	20111006	61311.98	49.188	8.128	1.4	ML	KIT
1111031013	20111031	61825.2	49.188	8.129	1.9	ML	KIT
1111120001	20111120	200331.34	49.193	8.119	0.7	ML	KIT
1111120002	20111120	201034.42	49.194	8.12	0.7	ML	KIT
1111120003	20111120	201217.45	49.194	8.122	0.7	ML	KIT
1111120004	20111120	202105.89	49.193	8.123	1	ML	KIT
1111121003	20111121	44801.17	49.196	8.118	1.7	ML	KIT
1111121004	20111121	44819.48	49.196	8.12	1.7	ML	KIT
1120114009	20120114	173753.95	49.192	8.127	1.2	ML	KIT
1120402010	20120402	73808.09	49.197	8.119	1.2	ML	KIT
1120402011	20120402	73814.11	49.194	8.122	1.2	ML	KIT
1120821005	20120821	90718.26	49.195	8.11	1.6	ML	LED
1121028017	20121028	200559.979	49.161	8.145	0.74	M	LER
1121031002	20121031	185000.064	49.157	8.142	0.6	M	LER
1121031003	20121031	214300.093	49.156	8.145	0.5	M	LER
1121112008	20121112	111504.67	49.143	8.16	1.8	ML	LED
1121123005	20121123	231910.92	49.141	8.156	1.3	ML	LED
1121125003	20121125	21313.3	49.14	8.157	0.36	M	LER
1121126006	20121126	191705.2	49.139	8.162	0.4	M	LER
1121216008	20121216	210926.69	49.156	8.141	1.4	ML	LED
1130126002	20130126	194827.71	49.159	8.153	1.8	ML	LED
1130217001	20130217	200715.75	49.161	8.152	2	ML	LED
1130504003	20130504	152701.67	49.162	8.151	1.4	ML	LED
1130516005	20130516	110102.81	49.195	8.121	1.4	ML	LED
1130713005	20130713	95456.94	49.161	8.162	1.4	ML	LED
1131002002	20131002	11326.89	49.162	8.152	2.1	ML	LED
1131110004	20131110	65617.3	49.152	8.154	0.35	M	LER
1131110005	20131110	65700.8	49.151	8.157	0.71	M	LER
1131121006	20131121	141522.83	49.15	8.154	1.9	ML	LED
1140608001	20140608	51959.6	49.149	8.16	1.17	M	LER
1150520003	20150520	185217.3	49.15	8.16	1.69	M	LER
1150615008	20150615	184520.5	49.15	8.159	1.14	M	LER
1151007001	20151007	134247.3	49.146	8.156	1.9	M	LER
1160212009	20160212	62603.8	49.148	8.152	1.76	M	LER
1160714010	20160714	174910.38	49.15	8.156	1.9	ML	LED
1170306007	20170306	181803.99	49.15	8.153	1.3	ML	LED
1170604003	20170604	142540.37	49.146	8.145	1.4	ML	LED
1170924005	20170924	162221.66	49.149	8.147	1.4	ML	LED
1171221001	20171221	13922.8	49.152	8.156	1.4	ML	LED
1171221002	20171221	15620.8	49.151	8.148	1.5	ML	LED
1190207006	20190207	194245.11	49.15	8.139	1.2	ML	LED
1190603001	20190603	13024.14	49.145	8.146	1.2	ML	LED
1190615004	20190615	105409.46	49.149	8.135	1.4	ML	LED
1190619003	20190619	33102.135	49.154	8.149	0.74	ML	BGR
1190619004	20190619	44816.72	49.145	8.146	1.1	ML	LED
1190622001	20190622	32633.087	49.143	8.153	0.43	ML	BGR
1190904005	20190904	44438.26	49.189	8.12	1.3	ML	LED
1190905013	20190905	230332.49	49.148	8.136	1	ML	LED
1190905014	20190905	231819.74	49.148	8.136	0.9	ML	LED
1190905015	20190905	232006.408	49.149	8.157	0.67	ML	BGR
